{
  "LinkQRAndroid": "https://play.google.com/store/apps/details?id=com.mic.bluezone",
  "LinkQRIOS": "https://apps.apple.com/us/app/bluezone/id1508062685?ls=1",
  "LinkShareAndroid": "https://play.google.com/store/apps/details?id=com.mic.bluezone",
  "LinkShareIOS": "https://apps.apple.com/us/app/bluezone/id1508062685?ls=1",
  "Introduce": "https://bluezone.vn",
  "Introduce_en": "https://bluezone.vn",
  "TimeSaveLog": 10000,
  "TimeShowLog": 30000,
  "RssiThreshold": -69,
  "PeriodDay": 14,
  "DbMaxRow": 100000,
  "DbMaxDay": 180,
  "ScanBleRun": 35000,
  "ScanBleSleep": 85000,
  "BroadcastBleRun": 15000,
  "BroadcastBleSleep": 15000,
  "ScanDevicesRun": 35000,
  "ScanDevicesSleep": 85000,
  "IntervalRequestPermisson": 120000,
  "Beta": false,
  "ShareAppText": "Chia sẻ ứng dụng",
  "ShareAppText_en": "Share the app",
  "JoinGroupFaceText": "Tham gia group trên Facebook",
  "JoinGroupFaceText_en": "Join the group on Facebook",
  "ShareMessageText": "Bộ Y tế: Bảo vệ mình, bảo vệ cộng đồng chống COVID-19 đưa cuộc sống trở lại bình thường. Bạn đã cài Ứng dụng Khẩu trang điện tử Bluezone và cài tiếp cho 3 người khác chưa? Cài đặt tại www.Bluezone.gov.vn \n\n#Khautrangdientu\n#Bluezone\n#Baoveminh\n#Baovecongdong\n#Caicho3nguoi",
  "ShareMessageText_en": "Ministry of Health: Protect yourself, protect the community against COVID-19, bringing life back to normal. Have you installed electronic mask application Bluezone and got 3 others to install the app? Get the app at www.Bluezone.ai \n\n#Electronicmask\n#Bluezone\n#Protectyourself\n#Protectcommunity\n#Installfor3people",
  "NOTIFI_BLE_IOS_TEXT_en": "Bluezone cannot record \"close contact\" because the device has not turned Bluetooth on.\n\nBluezone uses Bluetooth Low Energy (BLE). This technology does not drain the battery even when it is turned on.\n\nYou need to turn on Bluetooth by going to Control Panel or Settings to configure.",
  "NOTIFI_BLE_IOS_TEXT": "Bluezone không thể ghi nhận các \"tiếp xúc gần\" vì thiết bị chưa Bật Bluetooth.\n\nBluezone sử dụng Bluetooth năng lượng thấp BLE. Công nghệ này không tốn pin ngay cả khi luôn bật.\n\nBạn cần bật Bluetooth bằng cách vào Bảng điều khiển hoặc vào Cài đặt để cấu hình.",
  "NOTIFI_PERMISSION_BLE_IOS_TEXT": "Bluezone sử dụng Bluetooth năng lượng thấp BLE để ghi nhận những người \"tiếp xúc gần\" với bạn. Công nghệ này không tốn pin ngay cả khi luôn bật.\n\nBạn cần đồng ý bật Bluetooth để có thể ghi nhận các \"tiếp xúc gần\".",
  "NOTIFI_PERMISSION_BLE_IOS_TEXT_en": "Bluezone uses Bluetooth Low Energy BLE to recognize people who are in \"close contact\" with you. This technology does not drain the battery even when it is turned on.\n\nYou need to agree to turn on Bluetooth to record \"close contact\".",
  "NOTIFI_PERMISSION_TEXT": "Bạn cần đồng ý cấp quyền thông báo để ứng dụng có thể gửi cảnh báo nếu bạn \"tiếp xúc gần\" người nhiễm COVID-19 trong tương lai.",
  "NOTIFI_PERMISSION_TEXT_en": "You need to accept notification permission so that the application can send alerts if you have “close contact\" with people infected with COVID-19 in the future.",
  "NOTIFI_PERMISSION_LOCATION_ANDROID_TEXT": "Bluezone không sử dụng vị trí của thiết bị. Bluezone chỉ bật Bluetooth năng lượng thấp BLE để ghi nhận các \"tiếp xúc gần\".\n\nMặc dù vậy, theo chính sách của Google, khi bật Bluetooth BLE thiết bị sẽ tự động đề nghị truy cập vị trí thiết bị, ngay cả khi Bluezone không sử dụng tới quyền đó.\n\nBạn cần cấp quyền để có thể ghi nhận các \"tiếp xúc gần",
  "NOTIFI_PERMISSION_LOCATION_ANDROID_TEXT_en": "Bluezone does not use the device location. Bluezone only turns on Bluetooth Low Energy (BLE) to record \"close contact\".\n\nHowever, according to Google policy, when BLE is turned on the device will automatically offer to access the device location, even if Bluezone does not use that permission.\n\nYou need to accept the permission to record \"close contact\".",
  "NOTIFI_LOCATION_ANDROID_TEXT": "Bluezone không thể ghi nhận các \"tiếp xúc gần\" vì thiết bị chưa Bật vị trí.\n\nBluezone chỉ sử dụng Bluetooth năng lượng thấp BLE để ghi nhận các \"tiếp xúc gần\". Tuy nhiên, theo chính sách của Google, khi bật Bluetooth BLE thiết bị sẽ tự động đề nghị truy cập vị trí thiết bị, ngay cả khi Bluezone không sử dụng tới quyền đó.\n\nBạn cần cấp quyền Bật vị trí để có thể ghi nhận các \"tiếp xúc gần\".",
  "NOTIFI_LOCATION_ANDROID_TEXT_en": "Bluezone cannot record \"close contact\" because the device has not enabled location.\n\nBluezone only turns on Bluetooth Low Energy (BLE) to record \"close contact\". However, according to Google policy, when BLE is turned on the device will automatically offer the access to device location, even if Bluezone does not use that permission.\n\nYou need to accept the permission to enable location to record \"close contact\".",
  "NOTIFI_PERMISSION_WRITE_FILE_TEXT": "Bluezone chỉ sử dụng quyền \"truy cập tệp\" để ghi lịch sử \"tiếp xúc gần\" lên bộ nhớ thiết bị.\n\nMặc dù vậy, theo chính sách của Google, thiết bị vẫn tự động đề nghị \"cho phép truy cập vào ảnh, phương tiện và tệp\" ngay cả khi Bluezone không sử dụng các quyền còn lại.\n\nBạn cần cấp quyền để có thể ghi nhận các \"tiếp xúc gần\".",
  "NOTIFI_PERMISSION_WRITE_FILE_TEXT_en": "Bluezone only uses “access to file\" permission to write the history of \"close contact” on device memory.\n\nHowever, according to Google policy, the device automatically recommends \"access to photos, media and files” even if Bluezone does not use the two first permissions.\n\nYou need to accept permissions to record \"close contact\".",
  "NOTIFI_PERMISSION_BLOCK_LOCATION_ANDROID_TEXT": "Bluezone không thể ghi nhận các \"tiếp xúc gần\" vì thiết bị chưa Bật vị trí.\n\nBluezone chỉ sử dụng Bluetooth năng lượng thấp BLE để ghi nhận các \"tiếp xúc gần\". Tuy nhiên, theo chính sách của Google, khi bật Bluetooth BLE thiết bị sẽ tự động đề nghị truy cập vị trí thiết bị, ngay cả khi Bluezone không sử dụng tới quyền đó.\n\nBạn cần cấp quyền Bật vị trí bằng cách vào \"Cài đặt / Ứng dụng / Bluezone / Quyền\"",
  "NOTIFI_PERMISSION_BLOCK_LOCATION_ANDROID_TEXT_en": "Bluezone cannot record \"close contact\" because the device has not turned on Location.\n\nBluezone only turns on Bluetooth Low Energy (BLE) to record \"close contact\". However, according to Google policy, when BLE is turned on the device will automatically offer the access to device location, even if Bluezone does not use that permission.\n\nYou need to accept the permission to turn on location by going to \"Settings / Applications / Bluezone / Permissions\".",
  "NOTIFI_PERMISSION_WRITE_FILE_BLOCK_TEXT": "Bluezone không thể ghi nhận các \"tiếp xúc gần\" vì thiết bị chưa Bật quyền truy cập tệp\n\nMặc dù vậy, theo chính sách của Google, thiết bị vẫn tự động đề nghị \"cho phép truy cập vào ảnh, phương tiện và tệp\" ngay cả khi Bluezone không sử dụng các quyền còn lại.\n\nBạn cần cấp quyền Bật lưu trữ bằng cách vào \"Cài đặt / Ứng dụng / Bluezone / Quyền\"",
  "NOTIFI_PERMISSION_WRITE_FILE_BLOCK_TEXT_en": "Bluezone cannot record \"close contact\" because the device has not enabled access to file.\n\nHowever, according to Google policy, the device automatically recommends \"access to photos, media and files” even if Bluezone does not use the two first permissions.\n\nYou need to accept the permissions to enable storage by going to \"Settings / pplications / Bluezone / Permissions\".",
  "NOTIFI_BLUETOOTH_ANDROID_TEXT": "Bluezone không thể ghi nhận các \"tiếp xúc gần\" vì thiết bị chưa Bật Bluetooth.\n\nBluezone sử dụng Bluetooth năng lượng thấp BLE. Công nghệ này không tốn pin ngay cả khi luôn bật.\n\nBạn cần bật Bluetooth bằng cách vào Bảng điều khiển hoặc vào Cài đặt để cấu hình.",
  "NOTIFI_BLUETOOTH_ANDROID_TEXT_en": "Bluezone cannot record \"close contact\" because the device has not turned Bluetooth on.\n\nBluezone uses Bluetooth Low Energy (BLE). This technology does not drain the battery even when it is turned on.\n\nYou need to turn on Bluetooth by going to Control Panel or Settings to configure.",
  "LinkGroupFace": "http://facebook.com/groups/bluezonevn",
  "LinkGroupFace_en": "http://facebook.com/groups/bluezonevn",
  "TimeEnableBluetooth": 300000,
  "BatteryEnableBluetooth": 15,
  "Notifications": [],
  "TimeCountDownOTP": 180,
  "PermissonNotificationsAndroid": [
    {
      "id": "000001",
      "title": "Không thể ghi nhận các \"tiếp xúc gần\"",
      "title_en": "Không thể ghi nhận các \"tiếp xúc gần\"",
      "message": "Bluezone không thể ghi nhận \"tiếp xúc gần\" vì thiết bị chưa được cấp đủ quyền",
      "message_en": "Bluezone không thể ghi nhận \"tiếp xúc gần\" vì thiết bị chưa được cấp đủ quyền",
      "bigText": "Bluezone không thể ghi nhận \"tiếp xúc gần\" vì thiết bị chưa được cấp đủ quyền",
      "bigText_en": "Bluezone không thể ghi nhận \"tiếp xúc gần\" vì thiết bị chưa được cấp đủ quyền",
      "subText": "Bluezone cần cấp quyền",
      "subText_en": "Bluezone cần cấp quyền",
      "dayStartTime": 32400000,
      "repeatTime": 86400000,
      "importance": "hight",
      "priority": "hight"
    }
  ],
  "PermissonNotificationsIos": [
    {
      "id": "000001",
      "title": "Không thể ghi nhận các \"tiếp xúc gần\"",
      "title_en": "Không thể ghi nhận các \"tiếp xúc gần\"",
      "message": "Bluezone không thể ghi nhận \"tiếp xúc gần\" vì thiết bị chưa được cấp đủ quyền",
      "message_en": "Bluezone không thể ghi nhận \"tiếp xúc gần\" vì thiết bị chưa được cấp đủ quyền",
      "dayStartTime": 32400000,
      "repeatTime": 86400000,
      "importance": "hight",
      "priority": "hight"
    }
  ],
  "NotificationRequestPermissonAndroid": {
    "itemRepeat": [
      {
        "id": 5,
        "repeatTime": 86400000,
        "dayStartTime": 18900000
      }
    ],
    "bigText": "",
    "bigText_en": "",
    "subText": "",
    "subText_en": "",
    "title": "",
    "title_en": "",
    "message": "",
    "message_en": ""
  },
  "NotificationRequestBluetooth": {
    "itemRepeat": [
      {
        "id": 5,
        "repeatTime": 86400000,
        "dayStartTime": 18900000
      }
    ],
    "bigText": "bigText request bluetooth",
    "bigText_en": "bigText request bluetooth En",
    "subText": "subText request bluetooth",
    "subText_en": "subText request bluetooth En",
    "title": "title request bluetooth",
    "title_en": "title request bluetooth En",
    "message": "message request bluetooth",
    "message_en": "message request bluetooth En"
  },
  "NotificationRequestLocation": {
    "itemRepeat": [
      {
        "id": 6,
        "repeatTime": 86400000,
        "dayStartTime": 18900000
      }
    ],
    "bigText": "bigText Request location",
    "bigText_en": "bigText Request location En",
    "subText": "subText Request location",
    "subText_en": "subText Request location En",
    "title": "title Request location",
    "title_en": "title Request location En",
    "message": "message Request location",
    "message_en": "message Request location En"
  }
}
