{
  "LinkQRAndroid": "https://play.google.com/store/apps/details?id=com.mic.bluezone",
  "LinkQRIOS": "https://apps.apple.com/us/app/bluezone/id1508062685?ls=1",
  "LinkShareAndroid": "https://play.google.com/store/apps/details?id=com.mic.bluezone",
  "LinkShareIOS": "https://apps.apple.com/us/app/bluezone/id1508062685?ls=1",
  "Introduce": "https://bluezone.vn",
  "TimeSaveLog": 10000,
  "TimeShowLog": 30000,
  "RssiThreshold": -69,
  "PeriodDay": 14,
  "DbMaxRow": 100000,
  "DbMaxDay": 180,
  "ScanBleRun": 35000,
  "ScanBleSleep": 85000,
  "BroadcastBleRun": 15000,
  "BroadcastBleSleep": 15000,
  "ScanDevicesRun": 35000,
  "ScanDevicesSleep": 85000,
  "Beta": false,
  "ShareAppText": "Chia sẻ ứng dụng",
  "ShareMessageText": "Bạn đã cài Ứng dụng Khẩu trang điện tử Bluezone - Bảo vệ mình, bảo vệ cộng đồng cho 3 người khác chưa? Cài đặt tại: www.Bluezone.vn \n\n#Khautrangdientu\n#Bluezone\n#Baoveminh\n#Baovecongdong\n#Caicho3nguoi",
  "NOTIFI_BLE_IOS_TEXT": "Bluezone không thể ghi nhận các \"tiếp xúc gần\" vì thiết bị chưa Bật Bluetooth.\n\nBluezone sử dụng Bluetooth năng lượng thấp BLE. Công nghệ này không tốn pin ngay cả khi luôn bật.\n\nBạn cần bật Bluetooth bằng cách vào Bảng điều khiển hoặc vào Cài đặt để cấu hình.",
  "NOTIFI_PERMISSION_BLE_IOS_TEXT": "Bluezone sử dụng Bluetooth năng lượng thấp BLE để ghi nhận những người \"tiếp xúc gần\" với bạn. Công nghệ này không tốn pin ngay cả khi luôn bật.\n\nBạn cần đồng ý bật Bluetooth để có thể ghi nhận các \"tiếp xúc gần\".",
  "NOTIFI_PERMISSION_TEXT": "Bạn cần đồng ý cấp quyền thông báo để ứng dụng có thể gửi cảnh báo nếu bạn \"tiếp xúc gần\" người nhiễm COVID-19 trong tương lai.",
  "NOTIFI_PERMISSION_LOCATION_ANDROID_TEXT": "Bluezone không sử dụng vị trí của thiết bị. Bluezone chỉ bật Bluetooth năng lượng thấp BLE để ghi nhận các \"tiếp xúc gần\".\n\nMặc dù vậy, theo chính sách của Google, khi bật Bluetooth BLE thiết bị sẽ tự động đề nghị truy cập vị trí thiết bị, ngay cả khi Bluezone không sử dụng tới quyền đó.\n\nBạn cần cấp quyền để có thể ghi nhận các \"tiếp xúc gần",
  "NOTIFI_LOCATION_ANDROID_TEXT": "Bluezone không thể ghi nhận các \"tiếp xúc gần\" vì thiết bị chưa Bật vị trí.\n\nBluezone chỉ sử dụng Bluetooth năng lượng thấp BLE để ghi nhận các \"tiếp xúc gần\". Tuy nhiên, theo chính sách của Google, khi bật Bluetooth BLE thiết bị sẽ tự động đề nghị truy cập vị trí thiết bị, ngay cả khi Bluezone không sử dụng tới quyền đó.\n\nBạn cần cấp quyền Bật vị trí để có thể ghi nhận các \"tiếp xúc gần\".",
  "NOTIFI_PERMISSION_WRITE_FILE_TEXT": "Bluezone chỉ sử dụng quyền \"truy cập tệp\" để ghi lịch sử \"tiếp xúc gần\" lên bộ nhớ thiết bị.\n\nMặc dù vậy, theo chính sách của Google, thiết bị vẫn tự động đề nghị \"cho phép truy cập vào ảnh, phương tiện và tệp\" ngay cả khi Bluezone không sử dụng các quyền còn lại.\n\nBạn cần cấp quyền để có thể ghi nhận các \"tiếp xúc gần\".",
  "NOTIFI_PERMISSION_BLOCK_LOCATION_ANDROID_TEXT": "Bluezone không thể ghi nhận các \"tiếp xúc gần\" vì thiết bị chưa Bật vị trí.\n\nBluezone chỉ sử dụng Bluetooth năng lượng thấp BLE để ghi nhận các \"tiếp xúc gần\". Tuy nhiên, theo chính sách của Google, khi bật Bluetooth BLE thiết bị sẽ tự động đề nghị truy cập vị trí thiết bị, ngay cả khi Bluezone không sử dụng tới quyền đó.\n\nBạn cần cấp quyền Bật vị trí bằng cách vào \"Cài đặt / Ứng dụng / Bluezone / Quyền\"",
  "NOTIFI_PERMISSION_WRITE_FILE_BLOCK_TEXT": "Bluezone không thể ghi nhận các \"tiếp xúc gần\" vì thiết bị chưa Bật quyền truy cập tệp\n\nMặc dù vậy, theo chính sách của Google, thiết bị vẫn tự động đề nghị \"cho phép truy cập vào ảnh, phương tiện và tệp\" ngay cả khi Bluezone không sử dụng các quyền còn lại.\n\nBạn cần cấp quyền Bật lưu trữ bằng cách vào \"Cài đặt / Ứng dụng / Bluezone / Quyền\"",
  "NOTIFI_BLUETOOTH_ANDROID_TEXT": "Bluezone không thể ghi nhận các \"tiếp xúc gần\" vì thiết bị chưa Bật Bluetooth.\n\nBluezone sử dụng Bluetooth năng lượng thấp BLE. Công nghệ này không tốn pin ngay cả khi luôn bật.\n\nBạn cần bật Bluetooth bằng cách vào Bảng điều khiển hoặc vào Cài đặt để cấu hình.",
  "TimeEnableBluetooth": 300000,
  "BatteryEnableBluetooth": 15,
  "Notifications": [],
  "PermissonNotificationsAndroid": [
    {
      "id": "000001",
      "title": "Không thể ghi nhận các \"tiếp xúc gần\"",
      "message": "Bluezone không thể ghi nhận \"tiếp xúc gần\" vì thiết bị chưa được cấp đủ quyền",
      "bigText": "Bluezone không thể ghi nhận \"tiếp xúc gần\" vì thiết bị chưa được cấp đủ quyền",
      "subText": "Bluezone cần cấp quyền",
      "dayStartTime": 32400000,
      "repeatTime": 86400000,
      "number": 113,
      "importance": "hight",
      "priority": "hight"
    }
  ],
  "PermissonNotificationsIos": [
    {
      "id": "000001",
      "title": "Không thể ghi nhận các \"tiếp xúc gần\"",
      "message": "Bluezone không thể ghi nhận \"tiếp xúc gần\" vì thiết bị chưa được cấp đủ quyền",
      "dayStartTime": 32400000,
      "repeatTime": 86400000,
      "number": 113,
      "importance": "hight",
      "priority": "hight"
    }
  ]
}
